dteday,cnt,lag1,diff1,diff2,seasonal1
2011-01-01,985,,,,
2011-01-02,801,985.0,-184.0,,
2011-01-03,1349,801.0,548.0,732.0,
2011-01-04,1562,1349.0,213.0,-335.0,
2011-01-05,1600,1562.0,38.0,-175.0,
2011-01-06,1606,1600.0,6.0,-32.0,
2011-01-07,1510,1606.0,-96.0,-102.0,
2011-01-08,959,1510.0,-551.0,-455.0,
2011-01-09,822,959.0,-137.0,414.0,
2011-01-10,1321,822.0,499.0,636.0,
2011-01-11,1263,1321.0,-58.0,-557.0,
2011-01-12,1162,1263.0,-101.0,-43.0,
2011-01-13,1406,1162.0,244.0,345.0,421.0
2011-01-14,1421,1406.0,15.0,-229.0,620.0
2011-01-15,1248,1421.0,-173.0,-188.0,-101.0
2011-01-16,1204,1248.0,-44.0,129.0,-358.0
2011-01-17,1000,1204.0,-204.0,-160.0,-600.0
2011-01-18,683,1000.0,-317.0,-113.0,-923.0
2011-01-19,1650,683.0,967.0,1284.0,140.0
2011-01-20,1927,1650.0,277.0,-690.0,968.0
2011-01-21,1543,1927.0,-384.0,-661.0,721.0
2011-01-22,981,1543.0,-562.0,-178.0,-340.0
2011-01-23,986,981.0,5.0,567.0,-277.0
2011-01-24,1416,986.0,430.0,425.0,254.0
2011-01-25,1985,1416.0,569.0,139.0,579.0
2011-01-26,506,1985.0,-1479.0,-2048.0,-915.0
2011-01-27,431,506.0,-75.0,1404.0,-817.0
2011-01-28,1167,431.0,736.0,811.0,-37.0
2011-01-29,1098,1167.0,-69.0,-805.0,98.0
2011-01-30,1096,1098.0,-2.0,67.0,413.0
2011-01-31,1501,1096.0,405.0,407.0,-149.0
2011-02-01,1360,1501.0,-141.0,-546.0,-567.0
2011-02-02,1526,1360.0,166.0,307.0,-17.0
2011-02-03,1550,1526.0,24.0,-142.0,569.0
2011-02-04,1708,1550.0,158.0,134.0,722.0
2011-02-05,1005,1708.0,-703.0,-861.0,-411.0
2011-02-06,1623,1005.0,618.0,1321.0,-362.0
2011-02-07,1712,1623.0,89.0,-529.0,1206.0
2011-02-08,1530,1712.0,-182.0,-271.0,1099.0
2011-02-09,1605,1530.0,75.0,257.0,438.0
2011-02-10,1538,1605.0,-67.0,-142.0,440.0
2011-02-11,1746,1538.0,208.0,275.0,650.0
2011-02-12,1472,1746.0,-274.0,-482.0,-29.0
2011-02-13,1589,1472.0,117.0,391.0,229.0
2011-02-14,1913,1589.0,324.0,207.0,387.0
2011-02-15,1815,1913.0,-98.0,-422.0,265.0
2011-02-16,2115,1815.0,300.0,398.0,407.0
2011-02-17,2475,2115.0,360.0,60.0,1470.0
2011-02-18,2927,2475.0,452.0,92.0,1304.0
2011-02-19,1635,2927.0,-1292.0,-1744.0,-77.0
2011-02-20,1812,1635.0,177.0,1469.0,282.0
2011-02-21,1107,1812.0,-705.0,-882.0,-498.0
2011-02-22,1450,1107.0,343.0,1048.0,-88.0
2011-02-23,1917,1450.0,467.0,124.0,171.0
2011-02-24,1807,1917.0,-110.0,-577.0,335.0
2011-02-25,1461,1807.0,-346.0,-236.0,-128.0
2011-02-26,1969,1461.0,508.0,854.0,56.0
2011-02-27,2402,1969.0,433.0,-75.0,587.0
2011-02-28,1446,2402.0,-956.0,-1389.0,-669.0
2011-03-01,1851,1446.0,405.0,1361.0,-624.0
2011-03-02,2134,1851.0,283.0,-122.0,-793.0
2011-03-03,1685,2134.0,-449.0,-732.0,50.0
2011-03-04,1944,1685.0,259.0,708.0,132.0
2011-03-05,2077,1944.0,133.0,-126.0,970.0
2011-03-06,605,2077.0,-1472.0,-1605.0,-845.0
2011-03-07,1872,605.0,1267.0,2739.0,-45.0
2011-03-08,2133,1872.0,261.0,-1006.0,326.0
2011-03-09,1891,2133.0,-242.0,-503.0,430.0
2011-03-10,623,1891.0,-1268.0,-1026.0,-1346.0
2011-03-11,1977,623.0,1354.0,2622.0,-425.0
2011-03-12,2132,1977.0,155.0,-1199.0,686.0
2011-03-13,2417,2132.0,285.0,130.0,566.0
2011-03-14,2046,2417.0,-371.0,-656.0,-88.0
2011-03-15,2056,2046.0,10.0,381.0,371.0
2011-03-16,2192,2056.0,136.0,126.0,248.0
2011-03-17,2744,2192.0,552.0,416.0,667.0
2011-03-18,3239,2744.0,495.0,-57.0,2634.0
2011-03-19,3117,3239.0,-122.0,-617.0,1245.0
2011-03-20,2471,3117.0,-646.0,-524.0,338.0
2011-03-21,2077,2471.0,-394.0,252.0,186.0
2011-03-22,2703,2077.0,626.0,1020.0,2080.0
2011-03-23,2121,2703.0,-582.0,-1208.0,144.0
2011-03-24,1865,2121.0,-256.0,326.0,-267.0
2011-03-25,2210,1865.0,345.0,601.0,-207.0
2011-03-26,2496,2210.0,286.0,-59.0,450.0
2011-03-27,1693,2496.0,-803.0,-1089.0,-363.0
2011-03-28,2028,1693.0,335.0,1138.0,-164.0
2011-03-29,2425,2028.0,397.0,62.0,-319.0
2011-03-30,1536,2425.0,-889.0,-1286.0,-1703.0
2011-03-31,1685,1536.0,149.0,1038.0,-1432.0
2011-04-01,2227,1685.0,542.0,393.0,-244.0
2011-04-02,2252,2227.0,25.0,-517.0,175.0
2011-04-03,3249,2252.0,997.0,972.0,546.0
2011-04-04,3115,3249.0,-134.0,-1131.0,994.0
2011-04-05,1795,3115.0,-1320.0,-1186.0,-70.0
2011-04-06,2808,1795.0,1013.0,2333.0,598.0
2011-04-07,3141,2808.0,333.0,-680.0,645.0
2011-04-08,1471,3141.0,-1670.0,-2003.0,-222.0
2011-04-09,2455,1471.0,984.0,2654.0,427.0
2011-04-10,2895,2455.0,440.0,-544.0,470.0
2011-04-11,3348,2895.0,453.0,13.0,1812.0
2011-04-12,2034,3348.0,-1314.0,-1767.0,349.0
2011-04-13,2162,2034.0,128.0,1442.0,-65.0
2011-04-14,3267,2162.0,1105.0,977.0,1015.0
2011-04-15,3126,3267.0,-141.0,-1246.0,-123.0
2011-04-16,795,3126.0,-2331.0,-2190.0,-2320.0
2011-04-17,3744,795.0,2949.0,5280.0,1949.0
2011-04-18,3429,3744.0,-315.0,-3264.0,621.0
2011-04-19,3204,3429.0,-225.0,90.0,63.0
2011-04-20,3944,3204.0,740.0,965.0,2473.0
2011-04-21,4189,3944.0,245.0,-495.0,1734.0
2011-04-22,1683,4189.0,-2506.0,-2751.0,-1212.0
2011-04-23,4036,1683.0,2353.0,4859.0,688.0
2011-04-24,4191,4036.0,155.0,-2198.0,2157.0
2011-04-25,4073,4191.0,-118.0,-273.0,1911.0
2011-04-26,4400,4073.0,327.0,445.0,1133.0
2011-04-27,3872,4400.0,-528.0,-855.0,746.0
2011-04-28,4058,3872.0,186.0,714.0,3263.0
2011-04-29,4595,4058.0,537.0,351.0,851.0
2011-04-30,5312,4595.0,717.0,180.0,1883.0
2011-05-01,3351,5312.0,-1961.0,-2678.0,147.0
2011-05-02,4401,3351.0,1050.0,3011.0,457.0
2011-05-03,4451,4401.0,50.0,-1000.0,262.0
2011-05-04,2633,4451.0,-1818.0,-1868.0,950.0
2011-05-05,4433,2633.0,1800.0,3618.0,397.0
2011-05-06,4608,4433.0,175.0,-1625.0,417.0
2011-05-07,4714,4608.0,106.0,-69.0,641.0
2011-05-08,4333,4714.0,-381.0,-487.0,-67.0
2011-05-09,4362,4333.0,29.0,410.0,490.0
2011-05-10,4803,4362.0,441.0,412.0,745.0
2011-05-11,4182,4803.0,-621.0,-1062.0,-413.0
2011-05-12,4864,4182.0,682.0,1303.0,-448.0
2011-05-13,4105,4864.0,-759.0,-1441.0,754.0
2011-05-14,3409,4105.0,-696.0,63.0,-992.0
2011-05-15,4553,3409.0,1144.0,1840.0,102.0
2011-05-16,3958,4553.0,-595.0,-1739.0,1325.0
2011-05-17,4123,3958.0,165.0,760.0,-310.0
2011-05-18,3855,4123.0,-268.0,-433.0,-753.0
2011-05-19,4575,3855.0,720.0,988.0,-139.0
2011-05-20,4917,4575.0,342.0,-378.0,584.0
2011-05-21,5805,4917.0,888.0,546.0,1443.0
2011-05-22,4660,5805.0,-1145.0,-2033.0,-143.0
2011-05-23,4274,4660.0,-386.0,759.0,92.0
2011-05-24,4492,4274.0,218.0,604.0,-372.0
2011-05-25,4978,4492.0,486.0,268.0,873.0
2011-05-26,4677,4978.0,-301.0,-787.0,1268.0
2011-05-27,4679,4677.0,2.0,303.0,126.0
2011-05-28,4758,4679.0,79.0,77.0,800.0
2011-05-29,4788,4758.0,30.0,-49.0,665.0
2011-05-30,4098,4788.0,-690.0,-720.0,243.0
2011-05-31,3982,4098.0,-116.0,574.0,-593.0
2011-06-01,3974,3982.0,-8.0,108.0,-943.0
2011-06-02,4968,3974.0,994.0,1002.0,-837.0
2011-06-03,5312,4968.0,344.0,-650.0,652.0
2011-06-04,5342,5312.0,30.0,-314.0,1068.0
2011-06-05,4906,5342.0,-436.0,-466.0,414.0
2011-06-06,4548,4906.0,-358.0,78.0,-430.0
2011-06-07,4833,4548.0,285.0,643.0,156.0
2011-06-08,4401,4833.0,-432.0,-717.0,-278.0
2011-06-09,3915,4401.0,-486.0,-54.0,-843.0
2011-06-10,4586,3915.0,671.0,1157.0,-202.0
2011-06-11,4966,4586.0,380.0,-291.0,868.0
2011-06-12,4460,4966.0,-506.0,-886.0,478.0
2011-06-13,5020,4460.0,560.0,1066.0,1046.0
2011-06-14,4891,5020.0,-129.0,-689.0,-77.0
2011-06-15,5180,4891.0,289.0,418.0,-132.0
2011-06-16,3767,5180.0,-1413.0,-1702.0,-1575.0
2011-06-17,4844,3767.0,1077.0,2490.0,-62.0
2011-06-18,5119,4844.0,275.0,-802.0,571.0
2011-06-19,4744,5119.0,-375.0,-650.0,-89.0
2011-06-20,4010,4744.0,-734.0,-359.0,-391.0
2011-06-21,4835,4010.0,825.0,1559.0,920.0
2011-06-22,4507,4835.0,-328.0,-1153.0,-79.0
2011-06-23,4790,4507.0,283.0,611.0,-176.0
2011-06-24,4991,4790.0,201.0,-82.0,531.0
2011-06-25,5202,4991.0,211.0,10.0,182.0
2011-06-26,5305,5202.0,103.0,-108.0,414.0
2011-06-27,4708,5305.0,-597.0,-700.0,-472.0
2011-06-28,4648,4708.0,-60.0,537.0,881.0
2011-06-29,5225,4648.0,577.0,637.0,381.0
2011-06-30,5515,5225.0,290.0,-287.0,396.0
2011-07-01,5362,5515.0,-153.0,-443.0,618.0
2011-07-02,5119,5362.0,-243.0,-90.0,1109.0
2011-07-03,4649,5119.0,-470.0,-227.0,-186.0
2011-07-04,6043,4649.0,1394.0,1864.0,1536.0
2011-07-05,4665,6043.0,-1378.0,-2772.0,-125.0
2011-07-06,4629,4665.0,-36.0,1342.0,-362.0
2011-07-07,4592,4629.0,-37.0,-1.0,-610.0
2011-07-08,4040,4592.0,-552.0,-515.0,-1265.0
2011-07-09,5336,4040.0,1296.0,1848.0,628.0
2011-07-10,4881,5336.0,-455.0,-1751.0,233.0
2011-07-11,4086,4881.0,-795.0,-340.0,-1139.0
2011-07-12,4258,4086.0,172.0,967.0,-1257.0
2011-07-13,4342,4258.0,84.0,-88.0,-1020.0
2011-07-14,5084,4342.0,742.0,658.0,-35.0
2011-07-15,5538,5084.0,454.0,-288.0,889.0
2011-07-16,5923,5538.0,385.0,-69.0,-120.0
2011-07-17,5302,5923.0,-621.0,-1006.0,637.0
2011-07-18,4458,5302.0,-844.0,-223.0,-171.0
2011-07-19,4541,4458.0,83.0,927.0,-51.0
2011-07-20,4332,4541.0,-209.0,-292.0,292.0
2011-07-21,3784,4332.0,-548.0,-339.0,-1552.0
2011-07-22,3387,3784.0,-397.0,151.0,-1494.0
2011-07-23,3285,3387.0,-102.0,295.0,-801.0
2011-07-24,3606,3285.0,321.0,423.0,-652.0
2011-07-25,3840,3606.0,234.0,-87.0,-502.0
2011-07-26,4590,3840.0,750.0,516.0,-494.0
2011-07-27,4656,4590.0,66.0,-684.0,-882.0
2011-07-28,4390,4656.0,-266.0,-332.0,-1533.0
2011-07-29,3846,4390.0,-544.0,-278.0,-1456.0
2011-07-30,4475,3846.0,629.0,1173.0,17.0
2011-07-31,4302,4475.0,-173.0,-802.0,-239.0
2011-08-01,4266,4302.0,-36.0,137.0,-66.0
2011-08-02,4845,4266.0,579.0,615.0,1061.0
2011-08-03,3574,4845.0,-1271.0,-1850.0,187.0
2011-08-04,4576,3574.0,1002.0,2273.0,1291.0
2011-08-05,4866,4576.0,290.0,-712.0,1260.0
2011-08-06,4294,4866.0,-572.0,-862.0,454.0
2011-08-07,3785,4294.0,-509.0,63.0,-805.0
2011-08-08,4326,3785.0,541.0,1050.0,-330.0
2011-08-09,4602,4326.0,276.0,-265.0,212.0
2011-08-10,4780,4602.0,178.0,-98.0,934.0
2011-08-11,4792,4780.0,12.0,-166.0,317.0
2011-08-12,4905,4792.0,113.0,101.0,603.0
2011-08-13,4150,4905.0,-755.0,-868.0,-116.0
2011-08-14,3820,4150.0,-330.0,425.0,-1025.0
2011-08-15,4338,3820.0,518.0,848.0,764.0
2011-08-16,4725,4338.0,387.0,-131.0,149.0
2011-08-17,4694,4725.0,-31.0,-418.0,-172.0
2011-08-18,3805,4694.0,-889.0,-858.0,-489.0
2011-08-19,4153,3805.0,348.0,1237.0,368.0
2011-08-20,5191,4153.0,1038.0,690.0,865.0
2011-08-21,3873,5191.0,-1318.0,-2356.0,-729.0
2011-08-22,4758,3873.0,885.0,2203.0,-22.0
2011-08-23,5895,4758.0,1137.0,252.0,1103.0
2011-08-24,5130,5895.0,-765.0,-1902.0,225.0
2011-08-25,3542,5130.0,-1588.0,-823.0,-608.0
2011-08-26,4661,3542.0,1119.0,2707.0,841.0
2011-08-27,1115,4661.0,-3546.0,-4665.0,-3223.0
2011-08-28,4334,1115.0,3219.0,6765.0,-391.0
2011-08-29,4634,4334.0,300.0,-2919.0,-60.0
2011-08-30,5204,4634.0,570.0,270.0,1399.0
2011-08-31,5058,5204.0,-146.0,-716.0,905.0
2011-09-01,5115,5058.0,57.0,203.0,-76.0
2011-09-02,4727,5115.0,-388.0,-445.0,854.0
2011-09-03,4484,4727.0,-243.0,145.0,-274.0
2011-09-04,4940,4484.0,456.0,699.0,-955.0
2011-09-05,3351,4940.0,-1589.0,-2045.0,-1779.0
2011-09-06,2710,3351.0,-641.0,948.0,-832.0
2011-09-07,1996,2710.0,-714.0,-73.0,-2665.0
2011-09-08,1842,1996.0,-154.0,560.0,727.0
2011-09-09,3544,1842.0,1702.0,1856.0,-790.0
2011-09-10,5345,3544.0,1801.0,99.0,711.0
2011-09-11,5046,5345.0,-299.0,-2100.0,-158.0
2011-09-12,4713,5046.0,-333.0,-34.0,-345.0
2011-09-13,4763,4713.0,50.0,383.0,-352.0
2011-09-14,4785,4763.0,22.0,-28.0,58.0
2011-09-15,3659,4785.0,-1126.0,-1148.0,-825.0
2011-09-16,4760,3659.0,1101.0,2227.0,-180.0
2011-09-17,4511,4760.0,-249.0,-1350.0,1160.0
2011-09-18,4274,4511.0,-237.0,12.0,1564.0
2011-09-19,4539,4274.0,265.0,502.0,2543.0
2011-09-20,3641,4539.0,-898.0,-1163.0,1799.0
2011-09-21,4352,3641.0,711.0,1609.0,808.0
2011-09-22,4795,4352.0,443.0,-268.0,-550.0
2011-09-23,2395,4795.0,-2400.0,-2843.0,-2651.0
2011-09-24,5423,2395.0,3028.0,5428.0,710.0
2011-09-25,5010,5423.0,-413.0,-3441.0,247.0
2011-09-26,4630,5010.0,-380.0,33.0,-155.0
2011-09-27,4120,4630.0,-510.0,-130.0,461.0
2011-09-28,3907,4120.0,-213.0,297.0,-853.0
2011-09-29,4839,3907.0,932.0,1145.0,328.0
2011-09-30,5202,4839.0,363.0,-569.0,928.0
2011-10-01,2429,5202.0,-2773.0,-3136.0,-2110.0
2011-10-02,2918,2429.0,489.0,3262.0,-723.0
2011-10-03,3570,2918.0,652.0,163.0,-782.0
2011-10-04,4456,3570.0,886.0,234.0,-339.0
2011-10-05,4826,4456.0,370.0,-516.0,2431.0
2011-10-06,4765,4826.0,-61.0,-431.0,-658.0
2011-10-07,4985,4765.0,220.0,281.0,-25.0
2011-10-08,5409,4985.0,424.0,204.0,779.0
2011-10-09,5511,5409.0,102.0,-322.0,1391.0
2011-10-10,5117,5511.0,-394.0,-496.0,1210.0
2011-10-11,4563,5117.0,-554.0,-160.0,-276.0
2011-10-12,2416,4563.0,-2147.0,-1593.0,-2786.0
2011-10-13,2913,2416.0,497.0,2644.0,484.0
2011-10-14,3644,2913.0,731.0,234.0,726.0
2011-10-15,5217,3644.0,1573.0,842.0,1647.0
2011-10-16,5041,5217.0,-176.0,-1749.0,585.0
2011-10-17,4570,5041.0,-471.0,-295.0,-256.0
2011-10-18,4748,4570.0,178.0,649.0,-17.0
2011-10-19,2424,4748.0,-2324.0,-2502.0,-2561.0
2011-10-20,4195,2424.0,1771.0,4095.0,-1214.0
2011-10-21,4304,4195.0,109.0,-1662.0,-1207.0
2011-10-22,4308,4304.0,4.0,-105.0,-809.0
2011-10-23,4381,4308.0,73.0,69.0,-182.0
2011-10-24,4187,4381.0,-194.0,-267.0,1771.0
2011-10-25,4687,4187.0,500.0,694.0,1774.0
2011-10-26,3894,4687.0,-793.0,-1293.0,250.0
2011-10-27,2659,3894.0,-1235.0,-442.0,-2558.0
2011-10-28,3747,2659.0,1088.0,2323.0,-1294.0
2011-10-29,627,3747.0,-3120.0,-4208.0,-3943.0
2011-10-30,3331,627.0,2704.0,5824.0,-1417.0
2011-10-31,3669,3331.0,338.0,-2366.0,1245.0
2011-11-01,4068,3669.0,399.0,61.0,-127.0
2011-11-02,4186,4068.0,118.0,-281.0,-118.0
2011-11-03,3974,4186.0,-212.0,-330.0,-334.0
2011-11-04,4046,3974.0,72.0,284.0,-335.0
2011-11-05,3926,4046.0,-120.0,-192.0,-261.0
2011-11-06,3649,3926.0,-277.0,-157.0,-1038.0
2011-11-07,4035,3649.0,386.0,663.0,141.0
2011-11-08,4205,4035.0,170.0,-216.0,1546.0
2011-11-09,4109,4205.0,-96.0,-266.0,362.0
2011-11-10,2933,4109.0,-1176.0,-1080.0,2306.0
2011-11-11,3368,2933.0,435.0,1611.0,37.0
2011-11-12,4067,3368.0,699.0,264.0,398.0
2011-11-13,3717,4067.0,-350.0,-1049.0,-351.0
2011-11-14,4486,3717.0,769.0,1119.0,300.0
2011-11-15,4195,4486.0,-291.0,-1060.0,221.0
2011-11-16,1817,4195.0,-2378.0,-2087.0,-2229.0
2011-11-17,3053,1817.0,1236.0,3614.0,-873.0
2011-11-18,3392,3053.0,339.0,-897.0,-257.0
2011-11-19,3663,3392.0,271.0,-68.0,-372.0
2011-11-20,3520,3663.0,-143.0,-414.0,-685.0
2011-11-21,2765,3520.0,-755.0,-612.0,-1344.0
2011-11-22,1607,2765.0,-1158.0,-403.0,-1326.0
2011-11-23,2566,1607.0,959.0,2117.0,-802.0
2011-11-24,1495,2566.0,-1071.0,-2030.0,-2572.0
2011-11-25,2792,1495.0,1297.0,2368.0,-925.0
2011-11-26,3068,2792.0,276.0,-1021.0,-1418.0
2011-11-27,3071,3068.0,3.0,-273.0,-1124.0
2011-11-28,3867,3071.0,796.0,793.0,2050.0
2011-11-29,2914,3867.0,-953.0,-1749.0,-139.0
2011-11-30,3613,2914.0,699.0,1652.0,221.0
2011-12-01,3727,3613.0,114.0,-585.0,64.0
2011-12-02,3940,3727.0,213.0,99.0,420.0
2011-12-03,3614,3940.0,-326.0,-539.0,849.0
2011-12-04,3485,3614.0,-129.0,197.0,1878.0
2011-12-05,3811,3485.0,326.0,455.0,1245.0
2011-12-06,2594,3811.0,-1217.0,-1543.0,1099.0
2011-12-07,705,2594.0,-1889.0,-672.0,-2087.0
2011-12-08,3322,705.0,2617.0,4506.0,254.0
2011-12-09,3620,3322.0,298.0,-2319.0,549.0
2011-12-10,3190,3620.0,-430.0,-728.0,-677.0
2011-12-11,2743,3190.0,-447.0,-17.0,-171.0
2011-12-12,3310,2743.0,567.0,1014.0,-303.0
2011-12-13,3523,3310.0,213.0,-354.0,-204.0
2011-12-14,3740,3523.0,217.0,4.0,-200.0
2011-12-15,3709,3740.0,-31.0,-248.0,95.0
2011-12-16,3577,3709.0,-132.0,-101.0,92.0
2011-12-17,2739,3577.0,-838.0,-706.0,-1072.0
2011-12-18,2431,2739.0,-308.0,530.0,-163.0
2011-12-19,3403,2431.0,972.0,1280.0,2698.0
2011-12-20,3750,3403.0,347.0,-625.0,428.0
2011-12-21,2660,3750.0,-1090.0,-1437.0,-960.0
2011-12-22,3068,2660.0,408.0,1498.0,-122.0
2011-12-23,2209,3068.0,-859.0,-1267.0,-534.0
2011-12-24,1011,2209.0,-1198.0,-339.0,-2299.0
2011-12-25,754,1011.0,-257.0,941.0,-2769.0
2011-12-26,1317,754.0,563.0,820.0,-2423.0
2011-12-27,1162,1317.0,-155.0,-718.0,-2547.0
2011-12-28,2302,1162.0,1140.0,1295.0,-1275.0
2011-12-29,2423,2302.0,121.0,-1019.0,-316.0
2011-12-30,2999,2423.0,576.0,455.0,568.0
2011-12-31,2485,2999.0,-514.0,-1090.0,-918.0
2012-01-01,2294,2485.0,-191.0,323.0,-1456.0
2012-01-02,1951,2294.0,-343.0,-152.0,-709.0
2012-01-03,2236,1951.0,285.0,628.0,-832.0
2012-01-04,2368,2236.0,132.0,-153.0,159.0
2012-01-05,3272,2368.0,904.0,772.0,2261.0
2012-01-06,4098,3272.0,826.0,-78.0,3344.0
2012-01-07,4521,4098.0,423.0,-403.0,3204.0
2012-01-08,3425,4521.0,-1096.0,-1519.0,2263.0
2012-01-09,2376,3425.0,-1049.0,47.0,74.0
2012-01-10,3598,2376.0,1222.0,2271.0,1175.0
2012-01-11,2177,3598.0,-1421.0,-2643.0,-822.0
2012-01-12,4097,2177.0,1920.0,3341.0,1612.0
2012-01-13,3214,4097.0,-883.0,-2803.0,920.0
2012-01-14,2493,3214.0,-721.0,162.0,542.0
2012-01-15,2311,2493.0,-182.0,539.0,75.0
2012-01-16,2298,2311.0,-13.0,169.0,-70.0
2012-01-17,2935,2298.0,637.0,650.0,-337.0
2012-01-18,3376,2935.0,441.0,-196.0,-722.0
2012-01-19,3292,3376.0,-84.0,-525.0,-1229.0
2012-01-20,3163,3292.0,-129.0,-45.0,-262.0
2012-01-21,1301,3163.0,-1862.0,-1733.0,-1075.0
2012-01-22,1977,1301.0,676.0,2538.0,-1621.0
2012-01-23,2432,1977.0,455.0,-221.0,255.0
2012-01-24,4339,2432.0,1907.0,1452.0,242.0
2012-01-25,4270,4339.0,-69.0,-1976.0,1056.0
2012-01-26,4075,4270.0,-195.0,-126.0,1582.0
2012-01-27,3456,4075.0,-619.0,-424.0,1145.0
2012-01-28,4023,3456.0,567.0,1186.0,1725.0
2012-01-29,3243,4023.0,-780.0,-1347.0,308.0
2012-01-30,3624,3243.0,381.0,1161.0,248.0
2012-01-31,4509,3624.0,885.0,504.0,1217.0
2012-02-01,4579,4509.0,70.0,-815.0,1416.0
2012-02-02,3761,4579.0,-818.0,-888.0,2460.0
2012-02-03,4151,3761.0,390.0,1208.0,2174.0
2012-02-04,2832,4151.0,-1319.0,-1709.0,400.0
2012-02-05,2947,2832.0,115.0,1434.0,-1392.0
2012-02-06,3784,2947.0,837.0,722.0,-486.0
2012-02-07,4375,3784.0,591.0,-246.0,300.0
2012-02-08,2802,4375.0,-1573.0,-2164.0,-654.0
2012-02-09,3830,2802.0,1028.0,2601.0,-193.0
2012-02-10,3831,3830.0,1.0,-1027.0,588.0
2012-02-11,2169,3831.0,-1662.0,-1663.0,-1455.0
2012-02-12,1529,2169.0,-640.0,1022.0,-2980.0
2012-02-13,3422,1529.0,1893.0,2533.0,-1157.0
2012-02-14,3922,3422.0,500.0,-1393.0,161.0
2012-02-15,4169,3922.0,247.0,-253.0,18.0
2012-02-16,3005,4169.0,-1164.0,-1411.0,173.0
2012-02-17,4154,3005.0,1149.0,2313.0,1207.0
2012-02-18,4318,4154.0,164.0,-985.0,534.0
2012-02-19,2689,4318.0,-1629.0,-1793.0,-1686.0
2012-02-20,3129,2689.0,440.0,2069.0,327.0
2012-02-21,3777,3129.0,648.0,208.0,-53.0
2012-02-22,4773,3777.0,996.0,348.0,942.0
2012-02-23,5062,4773.0,289.0,-707.0,2893.0
2012-02-24,3487,5062.0,-1575.0,-1864.0,1958.0
2012-02-25,2732,3487.0,-755.0,820.0,-690.0
2012-02-26,3389,2732.0,657.0,1412.0,-533.0
2012-02-27,4322,3389.0,933.0,276.0,153.0
2012-02-28,4363,4322.0,41.0,-892.0,1358.0
2012-02-29,1834,4363.0,-2529.0,-2570.0,-2320.0
2012-03-01,4990,1834.0,3156.0,5685.0,672.0
2012-03-02,3194,4990.0,-1796.0,-4952.0,505.0
2012-03-03,4066,3194.0,872.0,2668.0,937.0
2012-03-04,3423,4066.0,-643.0,-1515.0,-354.0
2012-03-05,3333,3423.0,-90.0,553.0,-1440.0
2012-03-06,3956,3333.0,623.0,713.0,-1106.0
2012-03-07,4916,3956.0,960.0,337.0,1429.0
2012-03-08,5382,4916.0,466.0,-494.0,2650.0
2012-03-09,4569,5382.0,-813.0,-1279.0,1180.0
2012-03-10,4118,4569.0,-451.0,362.0,-204.0
2012-03-11,4911,4118.0,793.0,1244.0,548.0
2012-03-12,5298,4911.0,387.0,-406.0,3464.0
2012-03-13,5847,5298.0,549.0,162.0,857.0
2012-03-14,6312,5847.0,465.0,-84.0,3118.0
2012-03-15,6192,6312.0,-120.0,-585.0,2126.0
2012-03-16,4378,6192.0,-1814.0,-1694.0,955.0
2012-03-17,7836,4378.0,3458.0,5272.0,4503.0
2012-03-18,5892,7836.0,-1944.0,-5402.0,1936.0
2012-03-19,6153,5892.0,261.0,2205.0,1237.0
2012-03-20,6093,6153.0,-60.0,-321.0,711.0
2012-03-21,6230,6093.0,137.0,197.0,1661.0
2012-03-22,6871,6230.0,641.0,504.0,2753.0
2012-03-23,8362,6871.0,1491.0,850.0,3451.0
2012-03-24,3372,8362.0,-4990.0,-6481.0,-1926.0
2012-03-25,4996,3372.0,1624.0,6614.0,-851.0
2012-03-26,5558,4996.0,562.0,-1062.0,-754.0
2012-03-27,5102,5558.0,-456.0,-1018.0,-1090.0
2012-03-28,5698,5102.0,596.0,1052.0,1320.0
2012-03-29,6133,5698.0,435.0,-161.0,-1703.0
2012-03-30,5459,6133.0,-674.0,-1109.0,-433.0
2012-03-31,6235,5459.0,776.0,1450.0,82.0
2012-04-01,6041,6235.0,-194.0,-970.0,-52.0
2012-04-02,5936,6041.0,-105.0,89.0,-294.0
2012-04-03,6772,5936.0,836.0,941.0,-99.0
2012-04-04,6436,6772.0,-336.0,-1172.0,-1926.0
2012-04-05,6457,6436.0,21.0,357.0,3085.0
2012-04-06,6460,6457.0,3.0,-18.0,1464.0
2012-04-07,6857,6460.0,397.0,394.0,1299.0
2012-04-08,5169,6857.0,-1688.0,-2085.0,67.0
2012-04-09,5585,5169.0,416.0,2104.0,-113.0
2012-04-10,5918,5585.0,333.0,-83.0,-215.0
2012-04-11,4862,5918.0,-1056.0,-1389.0,-597.0
2012-04-12,5409,4862.0,547.0,1603.0,-826.0
2012-04-13,6398,5409.0,989.0,442.0,357.0
2012-04-14,7460,6398.0,1062.0,73.0,1524.0
2012-04-15,7132,7460.0,-328.0,-1390.0,360.0
2012-04-16,6370,7132.0,-762.0,-434.0,-66.0
2012-04-17,6691,6370.0,321.0,1083.0,234.0
2012-04-18,4367,6691.0,-2324.0,-2645.0,-2093.0
2012-04-19,6565,4367.0,2198.0,4522.0,-292.0
2012-04-20,7290,6565.0,725.0,-1473.0,2121.0
2012-04-21,6624,7290.0,-666.0,-1391.0,1039.0
2012-04-22,1027,6624.0,-5597.0,-4931.0,-4891.0
2012-04-23,3214,1027.0,2187.0,7784.0,-1648.0
2012-04-24,5633,3214.0,2419.0,232.0,224.0
2012-04-25,6196,5633.0,563.0,-1856.0,-202.0
2012-04-26,5026,6196.0,-1170.0,-1733.0,-2434.0
2012-04-27,6233,5026.0,1207.0,2377.0,-899.0
2012-04-28,4220,6233.0,-2013.0,-3220.0,-2150.0
2012-04-29,6304,4220.0,2084.0,4097.0,-387.0
2012-04-30,5572,6304.0,-732.0,-2816.0,1205.0
2012-05-01,5740,5572.0,168.0,900.0,-825.0
2012-05-02,6169,5740.0,429.0,261.0,-1121.0
2012-05-03,6421,6169.0,252.0,-177.0,-203.0
2012-05-04,6296,6421.0,-125.0,-377.0,5269.0
2012-05-05,6883,6296.0,587.0,712.0,3669.0
2012-05-06,6359,6883.0,-524.0,-1111.0,726.0
2012-05-07,6273,6359.0,-86.0,438.0,77.0
2012-05-08,5728,6273.0,-545.0,-459.0,702.0
2012-05-09,4717,5728.0,-1011.0,-466.0,-1516.0
2012-05-10,6572,4717.0,1855.0,2866.0,2352.0
2012-05-11,7030,6572.0,458.0,-1397.0,726.0
2012-05-12,7429,7030.0,399.0,-59.0,1857.0
2012-05-13,6118,7429.0,-1311.0,-1710.0,378.0
2012-05-14,2843,6118.0,-3275.0,-1964.0,-3326.0
2012-05-15,5115,2843.0,2272.0,5547.0,-1306.0
2012-05-16,7424,5115.0,2309.0,37.0,1128.0
2012-05-17,7384,7424.0,-40.0,-2349.0,501.0
2012-05-18,7639,7384.0,255.0,295.0,1280.0
2012-05-19,8294,7639.0,655.0,400.0,2021.0
2012-05-20,7129,8294.0,-1165.0,-1820.0,1401.0
2012-05-21,4359,7129.0,-2770.0,-1605.0,-358.0
2012-05-22,6073,4359.0,1714.0,4484.0,-499.0
2012-05-23,5260,6073.0,-813.0,-2527.0,-1770.0
2012-05-24,6770,5260.0,1510.0,2323.0,-659.0
2012-05-25,6734,6770.0,-36.0,-1546.0,616.0
2012-05-26,6536,6734.0,-198.0,-162.0,3693.0
2012-05-27,6591,6536.0,55.0,253.0,1476.0
2012-05-28,6043,6591.0,-548.0,-603.0,-1381.0
2012-05-29,5743,6043.0,-300.0,248.0,-1641.0
2012-05-30,6855,5743.0,1112.0,1412.0,-784.0
2012-05-31,7338,6855.0,483.0,-629.0,-956.0
2012-06-01,4127,7338.0,-3211.0,-3694.0,-3002.0
2012-06-02,8120,4127.0,3993.0,7204.0,3761.0
2012-06-03,7641,8120.0,-479.0,-4472.0,1568.0
2012-06-04,6998,7641.0,-643.0,-164.0,1738.0
2012-06-05,7001,6998.0,3.0,646.0,231.0
2012-06-06,7055,7001.0,54.0,51.0,321.0
2012-06-07,7494,7055.0,439.0,385.0,958.0
2012-06-08,7736,7494.0,242.0,-197.0,1145.0
2012-06-09,7498,7736.0,-238.0,-480.0,1455.0
2012-06-10,6598,7498.0,-900.0,-662.0,855.0
2012-06-11,6664,6598.0,66.0,966.0,-191.0
2012-06-12,4972,6664.0,-1692.0,-1758.0,-2366.0
2012-06-13,7421,4972.0,2449.0,4141.0,3294.0
2012-06-14,7363,7421.0,-58.0,-2507.0,-757.0
2012-06-15,7665,7363.0,302.0,360.0,24.0
2012-06-16,7702,7665.0,37.0,-265.0,704.0
2012-06-17,6978,7702.0,-724.0,-761.0,-23.0
2012-06-18,5099,6978.0,-1879.0,-1155.0,-1956.0
2012-06-19,6825,5099.0,1726.0,3605.0,-669.0
2012-06-20,6211,6825.0,-614.0,-2340.0,-1525.0
2012-06-21,5905,6211.0,-306.0,308.0,-1593.0
2012-06-22,5823,5905.0,-82.0,224.0,-775.0
2012-06-23,7458,5823.0,1635.0,1717.0,794.0
2012-06-24,6891,7458.0,-567.0,-2202.0,1919.0
2012-06-25,6779,6891.0,-112.0,455.0,-642.0
2012-06-26,7442,6779.0,663.0,775.0,79.0
2012-06-27,7335,7442.0,-107.0,-770.0,-330.0
2012-06-28,6879,7335.0,-456.0,-349.0,-823.0
2012-06-29,5463,6879.0,-1416.0,-960.0,-1515.0
2012-06-30,5687,5463.0,224.0,1640.0,588.0
2012-07-01,5531,5687.0,-156.0,-380.0,-1294.0
2012-07-02,6227,5531.0,696.0,852.0,16.0
2012-07-03,6660,6227.0,433.0,-263.0,755.0
2012-07-04,7403,6660.0,743.0,310.0,1580.0
2012-07-05,6241,7403.0,-1162.0,-1905.0,-1217.0
2012-07-06,6207,6241.0,-34.0,1128.0,-684.0
2012-07-07,4840,6207.0,-1367.0,-1333.0,-1939.0
2012-07-08,4672,4840.0,-168.0,1199.0,-2770.0
2012-07-09,6569,4672.0,1897.0,2065.0,-766.0
2012-07-10,6290,6569.0,-279.0,-2176.0,-589.0
2012-07-11,7264,6290.0,974.0,1253.0,1801.0
2012-07-12,7446,7264.0,182.0,-792.0,1759.0
2012-07-13,7499,7446.0,53.0,-129.0,1968.0
2012-07-14,6969,7499.0,-530.0,-583.0,742.0
2012-07-15,6031,6969.0,-938.0,-408.0,-629.0
2012-07-16,6830,6031.0,799.0,1737.0,-573.0
2012-07-17,6786,6830.0,-44.0,-843.0,545.0
2012-07-18,5713,6786.0,-1073.0,-1029.0,-494.0
2012-07-19,6591,5713.0,878.0,1951.0,1751.0
2012-07-20,5870,6591.0,-721.0,-1599.0,1198.0
2012-07-21,4459,5870.0,-1411.0,-690.0,-2110.0
2012-07-22,7410,4459.0,2951.0,4362.0,1120.0
2012-07-23,6966,7410.0,-444.0,-3395.0,-298.0
2012-07-24,7592,6966.0,626.0,1070.0,146.0
2012-07-25,8173,7592.0,581.0,-45.0,674.0
2012-07-26,6861,8173.0,-1312.0,-1893.0,-108.0
2012-07-27,6904,6861.0,43.0,1355.0,873.0
2012-07-28,6685,6904.0,-219.0,-262.0,-145.0
2012-07-29,6597,6685.0,-88.0,131.0,-189.0
2012-07-30,7105,6597.0,508.0,596.0,1392.0
2012-07-31,7216,7105.0,111.0,-397.0,625.0
2012-08-01,7580,7216.0,364.0,253.0,1710.0
2012-08-02,7261,7580.0,-319.0,-683.0,2802.0
2012-08-03,7175,7261.0,-86.0,233.0,-235.0
2012-08-04,6824,7175.0,-351.0,-265.0,-142.0
2012-08-05,5464,6824.0,-1360.0,-1009.0,-2128.0
2012-08-06,7013,5464.0,1549.0,2909.0,-1160.0
2012-08-07,7273,7013.0,260.0,-1289.0,412.0
2012-08-08,7534,7273.0,261.0,1.0,630.0
2012-08-09,7286,7534.0,-248.0,-509.0,601.0
2012-08-10,5786,7286.0,-1500.0,-1252.0,-811.0
2012-08-11,6299,5786.0,513.0,2013.0,-806.0
2012-08-12,6544,6299.0,245.0,-268.0,-672.0
2012-08-13,6883,6544.0,339.0,94.0,-697.0
2012-08-14,6784,6883.0,-99.0,-438.0,-477.0
2012-08-15,7347,6784.0,563.0,662.0,172.0
2012-08-16,7605,7347.0,258.0,-305.0,781.0
2012-08-17,7148,7605.0,-457.0,-715.0,1684.0
2012-08-18,7865,7148.0,717.0,1174.0,852.0
2012-08-19,4549,7865.0,-3316.0,-4033.0,-2724.0
2012-08-20,6530,4549.0,1981.0,5297.0,-1004.0
2012-08-21,7006,6530.0,476.0,-1505.0,-280.0
2012-08-22,7375,7006.0,369.0,-107.0,1589.0
2012-08-23,7765,7375.0,390.0,21.0,1466.0
2012-08-24,7582,7765.0,-183.0,-573.0,1038.0
2012-08-25,6053,7582.0,-1529.0,-1346.0,-830.0
2012-08-26,5255,6053.0,-798.0,731.0,-1529.0
2012-08-27,6917,5255.0,1662.0,2460.0,-430.0
2012-08-28,7040,6917.0,123.0,-1539.0,-565.0
2012-08-29,7697,7040.0,657.0,534.0,549.0
2012-08-30,7713,7697.0,16.0,-641.0,-152.0
2012-08-31,7350,7713.0,-363.0,-379.0,2801.0
2012-09-01,6140,7350.0,-1210.0,-847.0,-390.0
2012-09-02,5810,6140.0,-330.0,880.0,-1196.0
2012-09-03,6034,5810.0,224.0,554.0,-1341.0
2012-09-04,6864,6034.0,830.0,606.0,-901.0
2012-09-05,7112,6864.0,248.0,-582.0,-470.0
2012-09-06,6203,7112.0,-909.0,-1157.0,150.0
2012-09-07,7504,6203.0,1301.0,2210.0,2249.0
2012-09-08,5976,7504.0,-1528.0,-2829.0,-941.0
2012-09-09,8227,5976.0,2251.0,3779.0,1187.0
2012-09-10,7525,8227.0,-702.0,-2953.0,-172.0
2012-09-11,7767,7525.0,242.0,944.0,54.0
2012-09-12,7870,7767.0,103.0,-139.0,520.0
2012-09-13,7804,7870.0,-66.0,-169.0,1664.0
2012-09-14,8009,7804.0,205.0,271.0,2199.0
2012-09-15,8714,8009.0,705.0,500.0,2680.0
2012-09-16,7333,8714.0,-1381.0,-2086.0,469.0
2012-09-17,6869,7333.0,-464.0,917.0,-243.0
2012-09-18,4073,6869.0,-2796.0,-2332.0,-2130.0
2012-09-19,7591,4073.0,3518.0,6314.0,87.0
2012-09-20,7720,7591.0,129.0,-3389.0,1744.0
2012-09-21,8167,7720.0,447.0,318.0,-60.0
2012-09-22,8395,8167.0,228.0,-219.0,870.0
2012-09-23,7907,8395.0,-488.0,-716.0,140.0
2012-09-24,7436,7907.0,-471.0,17.0,-434.0
2012-09-25,7538,7436.0,102.0,573.0,-266.0
2012-09-26,7733,7538.0,195.0,93.0,-276.0
2012-09-27,7393,7733.0,-340.0,-535.0,-1321.0
2012-09-28,7415,7393.0,22.0,362.0,82.0
2012-09-29,8555,7415.0,1140.0,1118.0,1686.0
2012-09-30,6889,8555.0,-1666.0,-2806.0,2816.0
2012-10-01,6778,6889.0,-111.0,1555.0,-813.0
2012-10-02,4639,6778.0,-2139.0,-2028.0,-3081.0
2012-10-03,7572,4639.0,2933.0,5072.0,-595.0
2012-10-04,7328,7572.0,-244.0,-3177.0,-1067.0
2012-10-05,8156,7328.0,828.0,1072.0,249.0
2012-10-06,7965,8156.0,-191.0,-1019.0,529.0
2012-10-07,3510,7965.0,-4455.0,-4264.0,-4028.0
2012-10-08,5478,3510.0,1968.0,6423.0,-2255.0
2012-10-09,6392,5478.0,914.0,-1054.0,-1001.0
2012-10-10,7691,6392.0,1299.0,385.0,276.0
2012-10-11,7570,7691.0,-121.0,-1420.0,-985.0
2012-10-12,7282,7570.0,-288.0,-167.0,393.0
2012-10-13,7109,7282.0,-173.0,115.0,331.0
2012-10-14,6639,7109.0,-470.0,-297.0,2000.0
2012-10-15,5875,6639.0,-764.0,-294.0,-1697.0
2012-10-16,7534,5875.0,1659.0,2423.0,206.0
2012-10-17,7461,7534.0,-73.0,-1732.0,-695.0
2012-10-18,7509,7461.0,48.0,121.0,-456.0
2012-10-19,5424,7509.0,-2085.0,-2133.0,1914.0
2012-10-20,8090,5424.0,2666.0,4751.0,2612.0
2012-10-21,6824,8090.0,-1266.0,-3932.0,432.0
2012-10-22,7058,6824.0,234.0,1500.0,-633.0
2012-10-23,7466,7058.0,408.0,174.0,-104.0
2012-10-24,7693,7466.0,227.0,-181.0,411.0
2012-10-25,7359,7693.0,-334.0,-561.0,250.0
2012-10-26,7444,7359.0,85.0,419.0,805.0
2012-10-27,7852,7444.0,408.0,323.0,1977.0
2012-10-28,4459,7852.0,-3393.0,-3801.0,-3075.0
2012-10-29,22,4459.0,-4437.0,-1044.0,-7439.0
2012-10-30,1096,22.0,1074.0,5511.0,-6413.0
2012-10-31,5566,1096.0,4470.0,3396.0,142.0
2012-11-01,5986,5566.0,420.0,-4050.0,-2104.0
2012-11-02,5847,5986.0,-139.0,-559.0,-977.0
2012-11-03,5138,5847.0,-709.0,-570.0,-1920.0
2012-11-04,5107,5138.0,-31.0,678.0,-2359.0
2012-11-05,5259,5107.0,152.0,183.0,-2434.0
2012-11-06,5686,5259.0,427.0,275.0,-1673.0
2012-11-07,5035,5686.0,-651.0,-1078.0,-2409.0
2012-11-08,5315,5035.0,280.0,931.0,-2537.0
2012-11-09,5992,5315.0,677.0,397.0,1533.0
2012-11-10,6536,5992.0,544.0,-133.0,6514.0
2012-11-11,6852,6536.0,316.0,-228.0,5756.0
2012-11-12,6269,6852.0,-583.0,-899.0,703.0
2012-11-13,4094,6269.0,-2175.0,-1592.0,-1892.0
2012-11-14,5495,4094.0,1401.0,3576.0,-352.0
2012-11-15,5445,5495.0,-50.0,-1451.0,307.0
2012-11-16,5698,5445.0,253.0,303.0,591.0
2012-11-17,5629,5698.0,-69.0,-322.0,370.0
2012-11-18,4669,5629.0,-960.0,-891.0,-1017.0
2012-11-19,5499,4669.0,830.0,1790.0,464.0
2012-11-20,5634,5499.0,135.0,-695.0,319.0
2012-11-21,5146,5634.0,-488.0,-623.0,-846.0
2012-11-22,2425,5146.0,-2721.0,-2233.0,-4111.0
2012-11-23,3910,2425.0,1485.0,4206.0,-2942.0
2012-11-24,2277,3910.0,-1633.0,-3118.0,-3992.0
2012-11-25,2424,2277.0,147.0,1780.0,-1670.0
2012-11-26,5087,2424.0,2663.0,2516.0,-408.0
2012-11-27,3959,5087.0,-1128.0,-3791.0,-1486.0
2012-11-28,5260,3959.0,1301.0,2429.0,-438.0
2012-11-29,5323,5260.0,63.0,-1238.0,-306.0
2012-11-30,5668,5323.0,345.0,282.0,999.0
2012-12-01,5191,5668.0,-477.0,-822.0,-308.0
2012-12-02,4649,5191.0,-542.0,-65.0,-985.0
2012-12-03,6234,4649.0,1585.0,2127.0,1088.0
2012-12-04,6606,6234.0,372.0,-1213.0,4181.0
2012-12-05,5729,6606.0,-877.0,-1249.0,1819.0
2012-12-06,5375,5729.0,-354.0,523.0,3098.0
2012-12-07,5008,5375.0,-367.0,-13.0,2584.0
2012-12-08,5582,5008.0,574.0,941.0,495.0
2012-12-09,3228,5582.0,-2354.0,-2928.0,-731.0
2012-12-10,5170,3228.0,1942.0,4296.0,-90.0
2012-12-11,5501,5170.0,331.0,-1611.0,178.0
2012-12-12,5319,5501.0,-182.0,-513.0,-349.0
2012-12-13,5532,5319.0,213.0,395.0,341.0
2012-12-14,5611,5532.0,79.0,-134.0,962.0
2012-12-15,5047,5611.0,-564.0,-643.0,-1187.0
2012-12-16,3786,5047.0,-1261.0,-697.0,-2820.0
2012-12-17,4585,3786.0,799.0,2060.0,-1144.0
2012-12-18,5557,4585.0,972.0,173.0,182.0
2012-12-19,5267,5557.0,-290.0,-1262.0,259.0
2012-12-20,4128,5267.0,-1139.0,-849.0,-1454.0
2012-12-21,3623,4128.0,-505.0,634.0,395.0
2012-12-22,1749,3623.0,-1874.0,-1369.0,-3421.0
2012-12-23,1787,1749.0,38.0,1912.0,-3714.0
2012-12-24,920,1787.0,-867.0,-905.0,-4399.0
2012-12-25,1013,920.0,93.0,960.0,-4519.0
2012-12-26,441,1013.0,-572.0,-665.0,-5170.0
2012-12-27,2114,441.0,1673.0,2245.0,-2933.0
2012-12-28,3095,2114.0,981.0,-692.0,-691.0
2012-12-29,1341,3095.0,-1754.0,-2735.0,-3244.0
2012-12-30,1796,1341.0,455.0,2209.0,-3761.0
2012-12-31,2729,1796.0,933.0,478.0,-2538.0
